prompt,answer
Can you recommend a good mystery book?,Gone Girl by Gillian Flynn is a great mystery novel with many twists and turns.
What’s a good science fiction book to read?,"Dune by Frank Herbert is a classic science fiction novel that explores politics, religion, and ecology on the desert planet of Arrakis."
What is a good book for young adults?,The Hunger Games by Suzanne Collins is an exciting dystopian novel that is popular among young adults.
Can you suggest a fantasy book with dragons?,The Hobbit by J.R.R. Tolkien features dragons and is a beloved fantasy classic.
What’s a good romance novel to read?,Pride and Prejudice by Jane Austen is a timeless romance novel that explores themes of love and social class.
Recommend a classic book everyone should read.,To Kill a Mockingbird by Harper Lee is a classic novel that deals with serious themes like racial inequality and moral growth.
Can you recommend a good thriller?,The Girl with the Dragon Tattoo by Stieg Larsson is a thrilling novel full of suspense and intrigue.
What’s a good historical fiction book?,The Book Thief by Markus Zusak is a moving historical fiction novel set in Nazi Germany.
Suggest a book that will make me cry.,The Fault in Our Stars by John Green is an emotional story that has moved many readers to tears.
Recommend a book about friendship.,The Perks of Being a Wallflower by Stephen Chbosky is a heartfelt novel about friendship and self-discovery.
What is a dystopian novel?,"A dystopian novel is a genre of fiction that depicts an imagined society characterized by oppressive control, often exploring themes of totalitarianism or environmental disaster."
What defines a fantasy novel?,A fantasy novel is a genre of fiction that involves magical or supernatural elements that are not present in the real world.
What are some popular science fiction books?,"Popular science fiction books include 1984 by George Orwell, The Martian by Andy Weir, and Neuromancer by William Gibson."
What is a memoir?,A memoir is a non-fiction narrative that recounts the author's personal experiences and reflections on their life.
What is a coming-of-age story?,A coming-of-age story is a genre that focuses on the growth and development of the protagonist from youth to adulthood.
What is the difference between a novel and a novella?,"A novel is a long, fictional narrative, while a novella is shorter in length but longer than a short story."
What is a literary classic?,A literary classic is a book that has been accepted as being exemplary or noteworthy and has stood the test of time.
What is magical realism?,"Magical realism is a genre of fiction in which magical elements are presented in a realistic setting, often blending the mundane with the fantastical."
What is historical fiction?,"Historical fiction is a genre that recreates a period or event in history, often featuring fictional characters alongside historical figures."
What is speculative fiction?,"Speculative fiction is a genre that encompasses any fiction with supernatural, fantastical, or futuristic elements, including science fiction, fantasy, and horror."
How can I read more books?,"Set aside dedicated reading time each day, carry a book with you everywhere, and make use of audiobooks to read more."
What are the benefits of reading books?,"Reading improves vocabulary, enhances concentration, reduces stress, and can increase empathy and knowledge."
How do you choose a book to read?,"Consider your interests, read reviews, ask for recommendations, and explore different genres to choose a book."
What is speed reading?,Speed reading is a technique used to improve the ability to read quickly by minimizing subvocalization and expanding peripheral vision.
Is it better to read one book at a time or multiple books?,"It depends on personal preference. Some people enjoy focusing on one book, while others like to have a variety of books going simultaneously."
How do I remember what I read?,"Take notes, summarize each chapter, discuss the book with others, and revisit key points to improve retention."
Why do people reread books?,"People reread books to gain new insights, revisit favorite stories, and find comfort in familiar narratives."
How do I start a book club?,"Gather a group of interested readers, choose a book to read together, and schedule regular meetings to discuss the book."
What is a book reading challenge?,A book reading challenge is a personal or group goal to read a certain number of books or specific types of books within a set time period.
How can I improve my reading comprehension?,"Practice active reading by taking notes, asking questions, summarizing the text, and discussing it with others to improve comprehension."
What is a protagonist?,"A protagonist is the main character in a story, often facing challenges and undergoing personal growth."
What is an antagonist?,An antagonist is a character or force that opposes the protagonist and creates conflict in the story.
What is the theme of a book?,The theme is the central idea or message that the author conveys through the narrative.
What is a plot twist?,A plot twist is an unexpected development in the story that changes the direction of the narrative.
What is a narrative voice?,"Narrative voice refers to the perspective from which the story is told, such as first-person or third-person narration."
What is a metaphor in literature?,"A metaphor is a figure of speech that compares two unlike things by stating that one is the other, used to create vivid imagery."
What is a simile?,"A simile is a figure of speech that compares two unlike things using the words ""like"" or ""as."""
What is symbolism in literature?,"Symbolism is the use of symbols to represent ideas or concepts, adding deeper meaning to the narrative."
What is foreshadowing?,Foreshadowing is a literary device used to hint at events that will occur later in the story.
What is the climax of a story?,The climax is the turning point in a story where the conflict reaches its highest intensity and the outcome is decided.
How can I find the publication date of a book?,Check the copyright page in the front of the book or look up the book online in a library catalog or bookstore listing.
What is an ISBN?,"An ISBN (International Standard Book Number) is a unique identifier for books, used for cataloging and sales purposes."
How do I find out how many pages are in a book?,Check the last numbered page of the book or look up the book's details online.
What is the best way to organize my bookshelf?,"Organize by genre, author, or alphabetically by title. Some people also arrange books by color for aesthetic purposes."
How do I find out if a book is part of a series?,"Check the book's cover or title page for series information, or search for the book online to find out if it's part of a series."
What is a book blurb?,"A blurb is a short description or promotional statement about a book, usually found on the back cover or dust jacket."
How can I find out if a book has won any awards?,Look up the book online in a library catalog or search for the book on award websites such as the Pulitzer Prize or Booker Prize.
What is a preface in a book?,"A preface is an introductory section of a book, often written by the author, that provides context or background information."
What is a foreword?,"A foreword is an introductory note in a book, often written by someone other than the author, that provides insight or commentary."
What is an epilogue?,An epilogue is a section at the end of a book that provides closure or additional information about the characters or events.
"Who is considered the ""Father of Science Fiction""?","Jules Verne is often considered the ""Father of Science Fiction"" for his pioneering works like Twenty Thousand Leagues Under the Sea."
Which author created the detective Sherlock Holmes?,Sir Arthur Conan Doyle created the iconic detective Sherlock Holmes.
Who wrote the Harry Potter series?,"J.K. Rowling wrote the Harry Potter series, which follows the adventures of a young wizard."
Which author is known for writing horror novels like It and The Shining?,Stephen King is known for writing horror novels such as It and The Shining.
Who is the author of The Great Gatsby?,"F. Scott Fitzgerald wrote The Great Gatsby, a novel about the American Dream and social change in the 1920s."
Which author wrote Pride and Prejudice?,"Jane Austen wrote Pride and Prejudice, a classic novel about love and social status."
Who wrote Moby-Dick?,Herman Melville wrote *Moby-Dick
What is a good non-fiction book to read?,Sapiens: A Brief History of Humankind by Yuval Noah Harari is an insightful non-fiction book that explores the history and evolution of humankind.
Can you recommend a book with a strong female protagonist?,"The Hunger Games by Suzanne Collins features Katniss Everdeen, a strong and resourceful female protagonist."
What’s a good book to learn about history?,"Guns, Germs, and Steel by Jared Diamond is a comprehensive book that examines the factors that influenced the development of human societies."
Recommend a book that deals with mental health.,Eleanor Oliphant Is Completely Fine by Gail Honeyman is a novel that sensitively explores themes of loneliness and mental health.
What is a good book for beginners in philosophy?,Sophie's World by Jostein Gaarder is a novel that introduces readers to the history of philosophy through an engaging story.
Can you suggest a book for improving productivity?,Atomic Habits by James Clear is a highly regarded book that provides strategies for building good habits and improving productivity.
What’s a good memoir to read?,Educated by Tara Westover is a powerful memoir about a woman’s quest for knowledge and self-discovery.
Recommend a book about climate change.,The Uninhabitable Earth by David Wallace-Wells is a thought-provoking book that discusses the potential impacts of climate change.
What is a good children’s book?,Where the Wild Things Are by Maurice Sendak is a classic children’s book that has delighted young readers for generations.
Can you suggest a book on leadership?,Leaders Eat Last by Simon Sinek is a book that explores the qualities of great leaders and the importance of building trust within organizations.
What is a gothic novel?,"A gothic novel is a genre characterized by mystery, horror, and romance, often set in gloomy and isolated locations."
What defines a horror novel?,"A horror novel is a genre designed to scare, unsettle, or frighten the reader through suspense, violence, or the supernatural."
What is a bildungsroman?,A bildungsroman is a coming-of-age story that focuses on the psychological and moral growth of the protagonist from youth to adulthood.
What is a graphic novel?,"A graphic novel is a book made up of comics content, often presenting a complete story with a beginning, middle, and end."
What is an epistolary novel?,"An epistolary novel is a story told through documents such as letters, diary entries, or emails."
What is a noir novel?,"A noir novel is a genre characterized by cynicism, moral ambiguity, and a dark, gritty atmosphere, often involving crime or corruption."
What defines a romance novel?,"A romance novel is a genre focused on the relationship and romantic love between two people, usually with an emotionally satisfying ending."
What is cyberpunk?,Cyberpunk is a subgenre of science fiction that explores futuristic societies dominated by computer technology and often features antiheroes and dystopian settings.
What is a detective novel?,A detective novel is a genre centered around a detective or amateur sleuth solving a crime or mystery.
What is a thriller novel?,"A thriller novel is a genre characterized by excitement, suspense, and high stakes, often involving crime, espionage, or danger."